-- Encja Kandydaci
insert into KANDYDACI (identyfikator, Imie, Nazwisko, Data_aplikacji, Doswiadczenie_zawodowe, Obecne_stanowisko, Wyksztalcenie, Nr_telefonu, E_mail, CV, Portfolio) values (1, 'Brent', 'Weathey', '2023-03-02', 18.4, 'IT Intern', 'Master''s Degree', '687154522', 'bweathey0@xing.com', 'T', 'T');
insert into KANDYDACI (identyfikator, Imie, Nazwisko, Data_aplikacji, Doswiadczenie_zawodowe, Obecne_stanowisko, Wyksztalcenie, Nr_telefonu, E_mail, CV, Portfolio) values (2, 'Conrade', 'Cosley', '2023-03-10', 16.6, 'Network Administrator', 'Master''s Degree', '594519308', 'ccosley1@prnewswire.com', 'T', 'T');
insert into KANDYDACI (identyfikator, Imie, Nazwisko, Data_aplikacji, Doswiadczenie_zawodowe, Obecne_stanowisko, Wyksztalcenie, Nr_telefonu, E_mail, CV, Portfolio) values (3, 'Ashleigh', 'Obispo', '2023-04-22', 9.5, null, 'Bachelor''s Degree', '506881574', 'aobispo2@unblog.fr', 'T', 'T');
insert into KANDYDACI (identyfikator, Imie, Nazwisko, Data_aplikacji, Doswiadczenie_zawodowe, Obecne_stanowisko, Wyksztalcenie, Nr_telefonu, E_mail, CV, Portfolio) values (4, 'Pavia', 'Grisley', '2023-03-03', 4.7, 'Network Security Analyst', 'Bachelor''s Degree', '139034742', 'pgrisley3@taobao.com', 'T', 'T');
insert into KANDYDACI (identyfikator, Imie, Nazwisko, Data_aplikacji, Doswiadczenie_zawodowe, Obecne_stanowisko, Wyksztalcenie, Nr_telefonu, E_mail, CV, Portfolio) values (5, 'Dionisio', 'Harken', '2023-03-02', 19.7, 'Junior Cybersecurity Analyst', 'Master''s Degree', '501211019', 'dharken4@163.com', 'T', 'T');
insert into KANDYDACI (identyfikator, Imie, Nazwisko, Data_aplikacji, Doswiadczenie_zawodowe, Obecne_stanowisko, Wyksztalcenie, Nr_telefonu, E_mail, CV, Portfolio) values (6, 'Danella', 'Joanic', '2023-03-17', 19.7, null, 'High School Diploma', '491057162', 'djoanic5@senate.gov', 'T', 'F');
insert into KANDYDACI (identyfikator, Imie, Nazwisko, Data_aplikacji, Doswiadczenie_zawodowe, Obecne_stanowisko, Wyksztalcenie, Nr_telefonu, E_mail, CV, Portfolio) values (7, 'Izzy', 'Saunderson', '2023-03-27', 7.2, 'IT Support Specialist', 'Bachelor''s Degree', '389889159', 'isaunderson6@jigsy.com', 'T', 'T');
insert into KANDYDACI (identyfikator, Imie, Nazwisko, Data_aplikacji, Doswiadczenie_zawodowe, Obecne_stanowisko, Wyksztalcenie, Nr_telefonu, E_mail, CV, Portfolio) values (8, 'Karen', 'Tommasuzzi', '2023-04-17', 12.9, 'Network Engineer', 'Master''s Degree', '959426301', 'ktommasuzzi7@cocolog-nifty.com', 'T', 'T');
insert into KANDYDACI (identyfikator, Imie, Nazwisko, Data_aplikacji, Doswiadczenie_zawodowe, Obecne_stanowisko, Wyksztalcenie, Nr_telefonu, E_mail, CV, Portfolio) values (9, 'Austina', 'Trundell', '2023-04-29', 5.0, null, 'Master''s Degree', '326318960', 'atrundell8@deviantart.com', 'T', 'F');
insert into KANDYDACI (identyfikator, Imie, Nazwisko, Data_aplikacji, Doswiadczenie_zawodowe, Obecne_stanowisko, Wyksztalcenie, Nr_telefonu, E_mail, CV, Portfolio) values (10, 'Maxim', 'Wharton', '2023-03-01', 17.3, 'Network Administrator', 'Doctorate', '946155634', 'mwharton9@samsung.com', 'T', 'T');
insert into KANDYDACI (identyfikator, Imie, Nazwisko, Data_aplikacji, Doswiadczenie_zawodowe, Obecne_stanowisko, Wyksztalcenie, Nr_telefonu, E_mail, CV, Portfolio) values (11, 'Trish', 'Brandrick', '2023-03-02', 11.0, 'Network Administrator', 'High School Diploma', '854661584', 'tbrandricka@bravesites.com', 'T', 'T');
insert into KANDYDACI (identyfikator, Imie, Nazwisko, Data_aplikacji, Doswiadczenie_zawodowe, Obecne_stanowisko, Wyksztalcenie, Nr_telefonu, E_mail, CV, Portfolio) values (12, 'Nona', 'Stieger', '2023-03-31', 19.0, 'Network Security Analyst', 'Bachelor''s Degree', '047863823', 'nstiegerb@deviantart.com', 'T', 'T');
insert into KANDYDACI (identyfikator, Imie, Nazwisko, Data_aplikacji, Doswiadczenie_zawodowe, Obecne_stanowisko, Wyksztalcenie, Nr_telefonu, E_mail, CV, Portfolio) values (13, 'Karlan', 'MacSkeagan', '2023-04-13', 2.5, null, 'Master''s Degree', '289564702', 'kmacskeaganc@nasa.gov', 'T', 'F');
insert into KANDYDACI (identyfikator, Imie, Nazwisko, Data_aplikacji, Doswiadczenie_zawodowe, Obecne_stanowisko, Wyksztalcenie, Nr_telefonu, E_mail, CV, Portfolio) values (14, 'Gena', 'Scriviner', '2023-04-09', 17.8, 'Network Administrator', 'Bachelor''s Degree', '458356794', 'gscrivinerd@eventbrite.com', 'T', 'T');
insert into KANDYDACI (identyfikator, Imie, Nazwisko, Data_aplikacji, Doswiadczenie_zawodowe, Obecne_stanowisko, Wyksztalcenie, Nr_telefonu, E_mail, CV, Portfolio) values (15, 'Frederigo', 'Murford', '2023-03-28', 16.0, 'Network Engineer', 'Master''s Degree', '796453889', 'fmurforde@mashable.com', 'T', 'T');
insert into KANDYDACI (identyfikator, Imie, Nazwisko, Data_aplikacji, Doswiadczenie_zawodowe, Obecne_stanowisko, Wyksztalcenie, Nr_telefonu, E_mail, CV, Portfolio) values (16, 'Evonne', 'Nucator', '2023-03-30', 17.2, 'IT Support Specialist', 'Master''s Degree', '104875888', 'enucatorf@sbwire.com', 'T', 'T');
insert into KANDYDACI (identyfikator, Imie, Nazwisko, Data_aplikacji, Doswiadczenie_zawodowe, Obecne_stanowisko, Wyksztalcenie, Nr_telefonu, E_mail, CV, Portfolio) values (17, 'Sarena', 'Bennedsen', '2023-04-04', 1.3, 'Network Administrator', 'Bachelor''s Degree', '316563813', 'sbennedseng@arstechnica.com', 'T', 'T');
insert into KANDYDACI (identyfikator, Imie, Nazwisko, Data_aplikacji, Doswiadczenie_zawodowe, Obecne_stanowisko, Wyksztalcenie, Nr_telefonu, E_mail, CV, Portfolio) values (18, 'Fleming', 'Gilcriest', '2023-04-23', 13.2, null, 'Master''s Degree', '119723170', null, 'T', 'T');
insert into KANDYDACI (identyfikator, Imie, Nazwisko, Data_aplikacji, Doswiadczenie_zawodowe, Obecne_stanowisko, Wyksztalcenie, Nr_telefonu, E_mail, CV, Portfolio) values (19, 'Jarad', 'Abdie', '2023-04-06', 8.6, 'Network Support Specialist', 'High School Diploma', '037707341', 'jabdiei@berkeley.edu', 'T', 'T');
insert into KANDYDACI (identyfikator, Imie, Nazwisko, Data_aplikacji, Doswiadczenie_zawodowe, Obecne_stanowisko, Wyksztalcenie, Nr_telefonu, E_mail, CV, Portfolio) values (20, 'Milty', 'Stealy', '2023-03-27', 4.0, null, 'High School Diploma', '160410055', 'mstealyj@1und1.de', 'T', 'T');
insert into KANDYDACI (identyfikator, Imie, Nazwisko, Data_aplikacji, Doswiadczenie_zawodowe, Obecne_stanowisko, Wyksztalcenie, Nr_telefonu, E_mail, CV, Portfolio) values (21, 'Rubia', 'Hawtry', '2023-03-13', 1.6, null, 'Master''s Degree', '051851681', 'rhawtryk@purevolume.com', 'T', 'T');
insert into KANDYDACI (identyfikator, Imie, Nazwisko, Data_aplikacji, Doswiadczenie_zawodowe, Obecne_stanowisko, Wyksztalcenie, Nr_telefonu, E_mail, CV, Portfolio) values (22, 'Tamiko', 'Lemarie', '2023-03-22', 6.4, null, 'Master''s Degree', '143775622', null, 'T', 'F');
insert into KANDYDACI (identyfikator, Imie, Nazwisko, Data_aplikacji, Doswiadczenie_zawodowe, Obecne_stanowisko, Wyksztalcenie, Nr_telefonu, E_mail, CV, Portfolio) values (23, 'Elsinore', 'Grinley', '2023-03-22', 5.6, null, 'High School Diploma', '378628262', 'egrinleym@twitter.com', 'T', 'T');
insert into KANDYDACI (identyfikator, Imie, Nazwisko, Data_aplikacji, Doswiadczenie_zawodowe, Obecne_stanowisko, Wyksztalcenie, Nr_telefonu, E_mail, CV, Portfolio) values (24, 'Barry', 'Belliveau', '2023-04-05', 15.5, 'Network Administrator', 'Master''s Degree', '104715083', 'bbelliveaun@economist.com', 'T', 'T');
insert into KANDYDACI (identyfikator, Imie, Nazwisko, Data_aplikacji, Doswiadczenie_zawodowe, Obecne_stanowisko, Wyksztalcenie, Nr_telefonu, E_mail, CV, Portfolio) values (25, 'Merry', 'Thebes', '2023-03-22', 19.1, 'Network Engineer', 'Master''s Degree', '815089981', 'mthebeso@geocities.jp', 'T', 'T');
insert into KANDYDACI (identyfikator, Imie, Nazwisko, Data_aplikacji, Doswiadczenie_zawodowe, Obecne_stanowisko, Wyksztalcenie, Nr_telefonu, E_mail, CV, Portfolio) values (26, 'Jarad', 'Cannam', '2023-04-26', 7.4, 'Network Engineer', 'Bachelor''s Degree', '651088987', 'jcannamp@smugmug.com', 'T', 'T');
insert into KANDYDACI (identyfikator, Imie, Nazwisko, Data_aplikacji, Doswiadczenie_zawodowe, Obecne_stanowisko, Wyksztalcenie, Nr_telefonu, E_mail, CV, Portfolio) values (27, 'Amelie', 'Tuson', '2023-04-20', 7.6, 'Network Administrator', 'Master''s Degree', '504288266', 'atusonq@acquirethisname.com', 'T', 'T');
insert into KANDYDACI (identyfikator, Imie, Nazwisko, Data_aplikacji, Doswiadczenie_zawodowe, Obecne_stanowisko, Wyksztalcenie, Nr_telefonu, E_mail, CV, Portfolio) values (28, 'Auroora', 'Panting', '2023-03-24', 17.8, null, 'Master''s Degree', '054470717', 'apantingr@who.int', 'T', 'T');
insert into KANDYDACI (identyfikator, Imie, Nazwisko, Data_aplikacji, Doswiadczenie_zawodowe, Obecne_stanowisko, Wyksztalcenie, Nr_telefonu, E_mail, CV, Portfolio) values (29, 'Natal', 'Node', '2023-04-29', 19.6, 'IT System Administrator', 'Bachelor''s Degree', '973064981', 'nnodes@zimbio.com', 'T', 'T');
insert into KANDYDACI (identyfikator, Imie, Nazwisko, Data_aplikacji, Doswiadczenie_zawodowe, Obecne_stanowisko, Wyksztalcenie, Nr_telefonu, E_mail, CV, Portfolio) values (30, 'Avigdor', 'Luna', '2023-03-01', 15.9, 'Network Administrator', 'Bachelor''s Degree', '422270072', 'alunat@washington.edu', 'T', 'T');
insert into KANDYDACI (identyfikator, Imie, Nazwisko, Data_aplikacji, Doswiadczenie_zawodowe, Obecne_stanowisko, Wyksztalcenie, Nr_telefonu, E_mail, CV, Portfolio) values (31, 'Arthur', 'Dredge', '2023-03-16', 5.2, 'IT Intern', 'Bachelor''s Degree', '631813394', 'adredgeu@networksolutions.com', 'T', 'F');
insert into KANDYDACI (identyfikator, Imie, Nazwisko, Data_aplikacji, Doswiadczenie_zawodowe, Obecne_stanowisko, Wyksztalcenie, Nr_telefonu, E_mail, CV, Portfolio) values (32, 'Rory', 'Kless', '2023-03-29', 12.0, 'IT System Administrator', 'Master''s Degree', '906362696', 'rklessv@creativecommons.org', 'T', 'T');
insert into KANDYDACI (identyfikator, Imie, Nazwisko, Data_aplikacji, Doswiadczenie_zawodowe, Obecne_stanowisko, Wyksztalcenie, Nr_telefonu, E_mail, CV, Portfolio) values (33, 'Meg', 'Ausiello', '2023-03-18', 16.5, 'Junior Cybersecurity Analyst', 'Master''s Degree', '530195624', 'mausiellow@liveinternet.ru', 'T', 'T');
insert into KANDYDACI (identyfikator, Imie, Nazwisko, Data_aplikacji, Doswiadczenie_zawodowe, Obecne_stanowisko, Wyksztalcenie, Nr_telefonu, E_mail, CV, Portfolio) values (34, 'Filmore', 'Bottomley', '2023-03-27', 3.7, 'IT Support Specialist', 'Bachelor''s Degree', '651417365', null, 'T', 'F');
insert into KANDYDACI (identyfikator, Imie, Nazwisko, Data_aplikacji, Doswiadczenie_zawodowe, Obecne_stanowisko, Wyksztalcenie, Nr_telefonu, E_mail, CV, Portfolio) values (35, 'Angeline', 'Coarser', '2023-03-22', 13.0, 'Network Administrator', 'High School Diploma', '636634742', 'acoarsery@nymag.com', 'T', 'T');
insert into KANDYDACI (identyfikator, Imie, Nazwisko, Data_aplikacji, Doswiadczenie_zawodowe, Obecne_stanowisko, Wyksztalcenie, Nr_telefonu, E_mail, CV, Portfolio) values (36, 'Niels', 'O''Dowling', '2023-03-20', 9.9, 'Network Engineer', 'Bachelor''s Degree', '387326366', 'nodowlingz@dmoz.org', 'T', 'T');
insert into KANDYDACI (identyfikator, Imie, Nazwisko, Data_aplikacji, Doswiadczenie_zawodowe, Obecne_stanowisko, Wyksztalcenie, Nr_telefonu, E_mail, CV, Portfolio) values (37, 'Franz', 'Steele', '2023-03-09', 6.9, 'Network Administrator', 'Master''s Degree', '996289935', 'fsteele10@dion.ne.jp', 'T', 'F');
insert into KANDYDACI (identyfikator, Imie, Nazwisko, Data_aplikacji, Doswiadczenie_zawodowe, Obecne_stanowisko, Wyksztalcenie, Nr_telefonu, E_mail, CV, Portfolio) values (38, 'Tristan', 'Peer', '2023-03-17', 6.8, null, 'Master''s Degree', '034746679', 'tpeer11@aboutads.info', 'T', 'T');
insert into KANDYDACI (identyfikator, Imie, Nazwisko, Data_aplikacji, Doswiadczenie_zawodowe, Obecne_stanowisko, Wyksztalcenie, Nr_telefonu, E_mail, CV, Portfolio) values (39, 'Carney', 'Cullingworth', '2023-04-13', 7.7, 'Network Administrator', 'Doctorate', '315818487', 'ccullingworth12@shop-pro.jp', 'T', 'F');
insert into KANDYDACI (identyfikator, Imie, Nazwisko, Data_aplikacji, Doswiadczenie_zawodowe, Obecne_stanowisko, Wyksztalcenie, Nr_telefonu, E_mail, CV, Portfolio) values (40, 'Gisella', 'Houlridge', '2023-03-23', 7.3, 'IT System Administrator', 'Bachelor''s Degree', '184989768', 'ghoulridge13@scribd.com', 'T', 'T');
insert into KANDYDACI (identyfikator, Imie, Nazwisko, Data_aplikacji, Doswiadczenie_zawodowe, Obecne_stanowisko, Wyksztalcenie, Nr_telefonu, E_mail, CV, Portfolio) values (41, 'Gwendolyn', 'Sales', '2023-04-25', 7.9, null, 'Master''s Degree', '828402586', 'gsales14@timesonline.co.uk', 'T', 'T');
insert into KANDYDACI (identyfikator, Imie, Nazwisko, Data_aplikacji, Doswiadczenie_zawodowe, Obecne_stanowisko, Wyksztalcenie, Nr_telefonu, E_mail, CV, Portfolio) values (42, 'Deb', 'Reiner', '2023-04-07', 1.2, 'Network Security Analyst', 'Bachelor''s Degree', '396621745', 'dreiner15@hp.com', 'T', 'T');
insert into KANDYDACI (identyfikator, Imie, Nazwisko, Data_aplikacji, Doswiadczenie_zawodowe, Obecne_stanowisko, Wyksztalcenie, Nr_telefonu, E_mail, CV, Portfolio) values (43, 'Manon', 'Serris', '2023-03-04', 13.7, 'IT Support Specialist', 'Doctorate', '092109817', 'mserris16@sfgate.com', 'T', 'T');
insert into KANDYDACI (identyfikator, Imie, Nazwisko, Data_aplikacji, Doswiadczenie_zawodowe, Obecne_stanowisko, Wyksztalcenie, Nr_telefonu, E_mail, CV, Portfolio) values (44, 'Kettie', 'Lathwell', '2023-04-18', 3.5, null, 'Master''s Degree', '849126683', null, 'T', 'T');
insert into KANDYDACI (identyfikator, Imie, Nazwisko, Data_aplikacji, Doswiadczenie_zawodowe, Obecne_stanowisko, Wyksztalcenie, Nr_telefonu, E_mail, CV, Portfolio) values (45, 'Adina', 'Saph', '2023-03-01', 11.2, 'IT Support Specialist', 'Master''s Degree', '240462873', 'asaph18@sbwire.com', 'T', 'T');
insert into KANDYDACI (identyfikator, Imie, Nazwisko, Data_aplikacji, Doswiadczenie_zawodowe, Obecne_stanowisko, Wyksztalcenie, Nr_telefonu, E_mail, CV, Portfolio) values (46, 'Griffin', 'Lammiman', '2023-04-20', 11.3, 'Network Engineer', 'Master''s Degree', '328779636', 'glammiman19@bloglines.com', 'T', 'F');
insert into KANDYDACI (identyfikator, Imie, Nazwisko, Data_aplikacji, Doswiadczenie_zawodowe, Obecne_stanowisko, Wyksztalcenie, Nr_telefonu, E_mail, CV, Portfolio) values (47, 'Cazzie', 'Margetson', '2023-03-24', 9.9, null, 'Master''s Degree', '048997076', 'cmargetson1a@prweb.com', 'T', 'T');
insert into KANDYDACI (identyfikator, Imie, Nazwisko, Data_aplikacji, Doswiadczenie_zawodowe, Obecne_stanowisko, Wyksztalcenie, Nr_telefonu, E_mail, CV, Portfolio) values (48, 'Coletta', 'Aldcorn', '2023-03-28', 14.5, 'Network Administrator', 'Bachelor''s Degree', '771476150', null, 'T', 'F');
insert into KANDYDACI (identyfikator, Imie, Nazwisko, Data_aplikacji, Doswiadczenie_zawodowe, Obecne_stanowisko, Wyksztalcenie, Nr_telefonu, E_mail, CV, Portfolio) values (49, 'Jacklin', 'Gruszecki', '2023-04-15', 15.6, null, 'Bachelor''s Degree', '252492504', 'jgruszecki1c@alexa.com', 'T', 'T');
insert into KANDYDACI (identyfikator, Imie, Nazwisko, Data_aplikacji, Doswiadczenie_zawodowe, Obecne_stanowisko, Wyksztalcenie, Nr_telefonu, E_mail, CV, Portfolio) values (50, 'Sara-ann', 'Sitlington', '2023-04-22', 11.6, 'Network Administrator', 'Bachelor''s Degree', '540835359', null, 'T', 'F');
--Encja Rekrutacja
insert into REKRUTACJA (identyfikator, Kandydaci_Identyfikator, Rekruterzy_Identyfikator, Stanowiska_Nazwa_stanowiska, Etap_rekrutacji, Data_rekrutacji, Ocena) values (1, 1, 2, 'Network Administrator', 2, '2023-08-23', 7.3);
insert into REKRUTACJA (identyfikator, Kandydaci_Identyfikator, Rekruterzy_Identyfikator, Stanowiska_Nazwa_stanowiska, Etap_rekrutacji, Data_rekrutacji, Ocena) values (2, 2, 1, 'Network Administrator', 1, '2023-08-03', 9.9);
insert into REKRUTACJA (identyfikator, Kandydaci_Identyfikator, Rekruterzy_Identyfikator, Stanowiska_Nazwa_stanowiska, Etap_rekrutacji, Data_rekrutacji, Ocena) values (3, 3, 5, 'Network Engineer', 3, '2023-08-06', 9.2);
insert into REKRUTACJA (identyfikator, Kandydaci_Identyfikator, Rekruterzy_Identyfikator, Stanowiska_Nazwa_stanowiska, Etap_rekrutacji, Data_rekrutacji, Ocena) values (4, 4, 4, 'Network Security Analyst', 0, '2023-08-19', null);
insert into REKRUTACJA (identyfikator, Kandydaci_Identyfikator, Rekruterzy_Identyfikator, Stanowiska_Nazwa_stanowiska, Etap_rekrutacji, Data_rekrutacji, Ocena) values (5, 5, 3, 'Network Security Analyst', 1, '2023-08-02', 1.6);
insert into REKRUTACJA (identyfikator, Kandydaci_Identyfikator, Rekruterzy_Identyfikator, Stanowiska_Nazwa_stanowiska, Etap_rekrutacji, Data_rekrutacji, Ocena) values (6, 6, 3, 'Network Administrator', 2, '2023-08-05', 2.8);
insert into REKRUTACJA (identyfikator, Kandydaci_Identyfikator, Rekruterzy_Identyfikator, Stanowiska_Nazwa_stanowiska, Etap_rekrutacji, Data_rekrutacji, Ocena) values (7, 7, 2, 'Network Security Analyst', 2, '2023-08-03', 9.8);
insert into REKRUTACJA (identyfikator, Kandydaci_Identyfikator, Rekruterzy_Identyfikator, Stanowiska_Nazwa_stanowiska, Etap_rekrutacji, Data_rekrutacji, Ocena) values (8, 8, 4, 'Network Engineer', 0, '2023-08-05', 6.3);
insert into REKRUTACJA (identyfikator, Kandydaci_Identyfikator, Rekruterzy_Identyfikator, Stanowiska_Nazwa_stanowiska, Etap_rekrutacji, Data_rekrutacji, Ocena) values (9, 9, 3, 'Network Security Analyst', 2, '2023-08-04', null);
insert into REKRUTACJA (identyfikator, Kandydaci_Identyfikator, Rekruterzy_Identyfikator, Stanowiska_Nazwa_stanowiska, Etap_rekrutacji, Data_rekrutacji, Ocena) values (10, 10, 3, 'Network Engineer', 0, '2023-08-03', null);
insert into REKRUTACJA (identyfikator, Kandydaci_Identyfikator, Rekruterzy_Identyfikator, Stanowiska_Nazwa_stanowiska, Etap_rekrutacji, Data_rekrutacji, Ocena) values (11, 11, 3, 'Network Security Analyst', 0, '2023-08-07', 1.2);
insert into REKRUTACJA (identyfikator, Kandydaci_Identyfikator, Rekruterzy_Identyfikator, Stanowiska_Nazwa_stanowiska, Etap_rekrutacji, Data_rekrutacji, Ocena) values (12, 12, 4, 'Network Engineer', 1, '2023-08-28', null);
insert into REKRUTACJA (identyfikator, Kandydaci_Identyfikator, Rekruterzy_Identyfikator, Stanowiska_Nazwa_stanowiska, Etap_rekrutacji, Data_rekrutacji, Ocena) values (13, 13, 3, 'Network Engineer', 0, '2023-08-13', null);
insert into REKRUTACJA (identyfikator, Kandydaci_Identyfikator, Rekruterzy_Identyfikator, Stanowiska_Nazwa_stanowiska, Etap_rekrutacji, Data_rekrutacji, Ocena) values (14, 14, 1, 'Network Engineer', 1, '2023-08-09', 1.1);
insert into REKRUTACJA (identyfikator, Kandydaci_Identyfikator, Rekruterzy_Identyfikator, Stanowiska_Nazwa_stanowiska, Etap_rekrutacji, Data_rekrutacji, Ocena) values (15, 15, 4, 'Network Security Analyst', 1, '2023-08-02', null);
insert into REKRUTACJA (identyfikator, Kandydaci_Identyfikator, Rekruterzy_Identyfikator, Stanowiska_Nazwa_stanowiska, Etap_rekrutacji, Data_rekrutacji, Ocena) values (16, 16, 2, 'Network Security Analyst', 0, '2023-08-19', 4.9);
insert into REKRUTACJA (identyfikator, Kandydaci_Identyfikator, Rekruterzy_Identyfikator, Stanowiska_Nazwa_stanowiska, Etap_rekrutacji, Data_rekrutacji, Ocena) values (17, 17, 4, 'Network Engineer', 0, '2023-08-09', 1.4);
insert into REKRUTACJA (identyfikator, Kandydaci_Identyfikator, Rekruterzy_Identyfikator, Stanowiska_Nazwa_stanowiska, Etap_rekrutacji, Data_rekrutacji, Ocena) values (18, 18, 5, 'Network Engineer', 2, '2023-08-09', 7.9);
insert into REKRUTACJA (identyfikator, Kandydaci_Identyfikator, Rekruterzy_Identyfikator, Stanowiska_Nazwa_stanowiska, Etap_rekrutacji, Data_rekrutacji, Ocena) values (19, 19, 3, 'Network Engineer', 0, '2023-08-01', 3.8);
insert into REKRUTACJA (identyfikator, Kandydaci_Identyfikator, Rekruterzy_Identyfikator, Stanowiska_Nazwa_stanowiska, Etap_rekrutacji, Data_rekrutacji, Ocena) values (20, 20, 2, 'Network Security Analyst', 0, '2023-08-21', 7.1);
insert into REKRUTACJA (identyfikator, Kandydaci_Identyfikator, Rekruterzy_Identyfikator, Stanowiska_Nazwa_stanowiska, Etap_rekrutacji, Data_rekrutacji, Ocena) values (21, 21, 1, 'Network Security Analyst', 1, '2023-08-03', 2.9);
insert into REKRUTACJA (identyfikator, Kandydaci_Identyfikator, Rekruterzy_Identyfikator, Stanowiska_Nazwa_stanowiska, Etap_rekrutacji, Data_rekrutacji, Ocena) values (22, 22, 1, 'Network Engineer', 1, '2023-08-18', 5.9);
insert into REKRUTACJA (identyfikator, Kandydaci_Identyfikator, Rekruterzy_Identyfikator, Stanowiska_Nazwa_stanowiska, Etap_rekrutacji, Data_rekrutacji, Ocena) values (23, 23, 2, 'Network Administrator', 1, '2023-08-07', null);
insert into REKRUTACJA (identyfikator, Kandydaci_Identyfikator, Rekruterzy_Identyfikator, Stanowiska_Nazwa_stanowiska, Etap_rekrutacji, Data_rekrutacji, Ocena) values (24, 24, 2, 'Network Administrator', 0, '2023-08-11', 6.3);
insert into REKRUTACJA (identyfikator, Kandydaci_Identyfikator, Rekruterzy_Identyfikator, Stanowiska_Nazwa_stanowiska, Etap_rekrutacji, Data_rekrutacji, Ocena) values (25, 25, 4, 'Network Engineer', 3, '2023-08-09', 9.2);
insert into REKRUTACJA (identyfikator, Kandydaci_Identyfikator, Rekruterzy_Identyfikator, Stanowiska_Nazwa_stanowiska, Etap_rekrutacji, Data_rekrutacji, Ocena) values (26, 26, 4, 'Network Security Analyst', 2, '2023-08-15', null);
insert into REKRUTACJA (identyfikator, Kandydaci_Identyfikator, Rekruterzy_Identyfikator, Stanowiska_Nazwa_stanowiska, Etap_rekrutacji, Data_rekrutacji, Ocena) values (27, 27, 4, 'Network Administrator', 3, '2023-08-28', 4.5);
insert into REKRUTACJA (identyfikator, Kandydaci_Identyfikator, Rekruterzy_Identyfikator, Stanowiska_Nazwa_stanowiska, Etap_rekrutacji, Data_rekrutacji, Ocena) values (28, 28, 4, 'Network Engineer', 0, '2023-08-26', 6.8);
insert into REKRUTACJA (identyfikator, Kandydaci_Identyfikator, Rekruterzy_Identyfikator, Stanowiska_Nazwa_stanowiska, Etap_rekrutacji, Data_rekrutacji, Ocena) values (29, 29, 5, 'Network Security Analyst', 1, '2023-08-24', null);
insert into REKRUTACJA (identyfikator, Kandydaci_Identyfikator, Rekruterzy_Identyfikator, Stanowiska_Nazwa_stanowiska, Etap_rekrutacji, Data_rekrutacji, Ocena) values (30, 30, 2, 'Network Security Analyst', 3, '2023-08-13', 3.1);
insert into REKRUTACJA (identyfikator, Kandydaci_Identyfikator, Rekruterzy_Identyfikator, Stanowiska_Nazwa_stanowiska, Etap_rekrutacji, Data_rekrutacji, Ocena) values (31, 31, 3, 'Network Engineer', 1, '2023-08-14', null);
insert into REKRUTACJA (identyfikator, Kandydaci_Identyfikator, Rekruterzy_Identyfikator, Stanowiska_Nazwa_stanowiska, Etap_rekrutacji, Data_rekrutacji, Ocena) values (32, 32, 1, 'Network Engineer', 1, '2023-08-09', 9.9);
insert into REKRUTACJA (identyfikator, Kandydaci_Identyfikator, Rekruterzy_Identyfikator, Stanowiska_Nazwa_stanowiska, Etap_rekrutacji, Data_rekrutacji, Ocena) values (33, 33, 1, 'Network Administrator', 1, '2023-08-30', 3.5);
insert into REKRUTACJA (identyfikator, Kandydaci_Identyfikator, Rekruterzy_Identyfikator, Stanowiska_Nazwa_stanowiska, Etap_rekrutacji, Data_rekrutacji, Ocena) values (34, 34, 1, 'Network Security Analyst', 1, '2023-08-16', 4.9);
insert into REKRUTACJA (identyfikator, Kandydaci_Identyfikator, Rekruterzy_Identyfikator, Stanowiska_Nazwa_stanowiska, Etap_rekrutacji, Data_rekrutacji, Ocena) values (35, 35, 4, 'Network Engineer', 0, '2023-08-05', 9.4);
insert into REKRUTACJA (identyfikator, Kandydaci_Identyfikator, Rekruterzy_Identyfikator, Stanowiska_Nazwa_stanowiska, Etap_rekrutacji, Data_rekrutacji, Ocena) values (36, 36, 4, 'Network Engineer', 2, '2023-08-12', 7.4);
insert into REKRUTACJA (identyfikator, Kandydaci_Identyfikator, Rekruterzy_Identyfikator, Stanowiska_Nazwa_stanowiska, Etap_rekrutacji, Data_rekrutacji, Ocena) values (37, 37, 3, 'Network Engineer', 1, '2023-08-24', 4.6);
insert into REKRUTACJA (identyfikator, Kandydaci_Identyfikator, Rekruterzy_Identyfikator, Stanowiska_Nazwa_stanowiska, Etap_rekrutacji, Data_rekrutacji, Ocena) values (38, 38, 5, 'Network Security Analyst', 0, '2023-08-06', 3.5);
insert into REKRUTACJA (identyfikator, Kandydaci_Identyfikator, Rekruterzy_Identyfikator, Stanowiska_Nazwa_stanowiska, Etap_rekrutacji, Data_rekrutacji, Ocena) values (39, 39, 3, 'Network Administrator', 0, '2023-08-02', 1.2);
insert into REKRUTACJA (identyfikator, Kandydaci_Identyfikator, Rekruterzy_Identyfikator, Stanowiska_Nazwa_stanowiska, Etap_rekrutacji, Data_rekrutacji, Ocena) values (40, 40, 1, 'Network Security Analyst', 0, '2023-08-09', 6.3);
insert into REKRUTACJA (identyfikator, Kandydaci_Identyfikator, Rekruterzy_Identyfikator, Stanowiska_Nazwa_stanowiska, Etap_rekrutacji, Data_rekrutacji, Ocena) values (41, 41, 3, 'Network Administrator', 0, '2023-08-05', 6.8);
insert into REKRUTACJA (identyfikator, Kandydaci_Identyfikator, Rekruterzy_Identyfikator, Stanowiska_Nazwa_stanowiska, Etap_rekrutacji, Data_rekrutacji, Ocena) values (42, 42, 3, 'Network Administrator', 1, '2023-08-30', 8.7);
insert into REKRUTACJA (identyfikator, Kandydaci_Identyfikator, Rekruterzy_Identyfikator, Stanowiska_Nazwa_stanowiska, Etap_rekrutacji, Data_rekrutacji, Ocena) values (43, 43, 4, 'Network Administrator', 0, '2023-08-13', 4.1);
insert into REKRUTACJA (identyfikator, Kandydaci_Identyfikator, Rekruterzy_Identyfikator, Stanowiska_Nazwa_stanowiska, Etap_rekrutacji, Data_rekrutacji, Ocena) values (44, 44, 5, 'Network Engineer', 0, '2023-08-20', 8.6);
insert into REKRUTACJA (identyfikator, Kandydaci_Identyfikator, Rekruterzy_Identyfikator, Stanowiska_Nazwa_stanowiska, Etap_rekrutacji, Data_rekrutacji, Ocena) values (45, 45, 5, 'Network Security Analyst', 0, '2023-08-06', null);
insert into REKRUTACJA (identyfikator, Kandydaci_Identyfikator, Rekruterzy_Identyfikator, Stanowiska_Nazwa_stanowiska, Etap_rekrutacji, Data_rekrutacji, Ocena) values (46, 46, 3, 'Network Engineer', 0, '2023-08-14', 5.1);
insert into REKRUTACJA (identyfikator, Kandydaci_Identyfikator, Rekruterzy_Identyfikator, Stanowiska_Nazwa_stanowiska, Etap_rekrutacji, Data_rekrutacji, Ocena) values (47, 47, 4, 'Network Security Analyst', 0, '2023-08-03', 3.2);
insert into REKRUTACJA (identyfikator, Kandydaci_Identyfikator, Rekruterzy_Identyfikator, Stanowiska_Nazwa_stanowiska, Etap_rekrutacji, Data_rekrutacji, Ocena) values (48, 48, 3, 'Network Engineer', 1, '2023-08-09', 7.3);
insert into REKRUTACJA (identyfikator, Kandydaci_Identyfikator, Rekruterzy_Identyfikator, Stanowiska_Nazwa_stanowiska, Etap_rekrutacji, Data_rekrutacji, Ocena) values (49, 49, 3, 'Network Administrator', 1, '2023-08-11', null);
insert into REKRUTACJA (identyfikator, Kandydaci_Identyfikator, Rekruterzy_Identyfikator, Stanowiska_Nazwa_stanowiska, Etap_rekrutacji, Data_rekrutacji, Ocena) values (50, 50, 4, 'Network Engineer', 2, '2023-08-28', 2.2);
insert into REKRUTACJA (Identyfikator, Kandydaci_identyfikator, Rekruterzy_identyfikator, Stanowiska_nazwa_stanowiska, Etap_rekrutacji, Data_rekrutacji, Ocena) values (51, 29, 1, 'Network Engineer', 0, '2023-08-12', 8.4);
insert into REKRUTACJA (Identyfikator, Kandydaci_identyfikator, Rekruterzy_identyfikator, Stanowiska_nazwa_stanowiska, Etap_rekrutacji, Data_rekrutacji, Ocena) values (52, 37, 5, 'Network Administrator', 1, '2023-08-17', 1.5);
insert into REKRUTACJA (Identyfikator, Kandydaci_identyfikator, Rekruterzy_identyfikator, Stanowiska_nazwa_stanowiska, Etap_rekrutacji, Data_rekrutacji, Ocena) values (53, 36, 3, 'Network Security Analyst', 0, '2023-08-14', 8.5);
insert into REKRUTACJA (Identyfikator, Kandydaci_identyfikator, Rekruterzy_identyfikator, Stanowiska_nazwa_stanowiska, Etap_rekrutacji, Data_rekrutacji, Ocena) values (54, 37, 2, 'Network Security Analyst', 2, '2023-08-24', 8.9);
insert into REKRUTACJA (Identyfikator, Kandydaci_identyfikator, Rekruterzy_identyfikator, Stanowiska_nazwa_stanowiska, Etap_rekrutacji, Data_rekrutacji, Ocena) values (55, 8, 3, 'Network Security Analyst', 2, '2023-08-04', 2.6);
-- Encja Rekruterzy
insert into REKRUTERZY (identyfikator, Imie, Nazwisko, E_mail) values (1, 'Rosalie', 'Kubek', 'rkubek0@virginia.edu');
insert into REKRUTERZY (identyfikator, Imie, Nazwisko, E_mail) values (2, 'Eloise', 'Trayes', 'etrayes1@devhub.com');
insert into REKRUTERZY (identyfikator, Imie, Nazwisko, E_mail) values (3, 'May', 'Gionettitti', 'mgionettitti2@ca.gov');
insert into REKRUTERZY (identyfikator, Imie, Nazwisko, E_mail) values (4, 'Mercie', 'Luberto', 'mluberto3@etsy.com');
insert into REKRUTERZY (identyfikator, Imie, Nazwisko, E_mail) values (5, 'Devon', 'Dongate', 'ddongate4@mit.edu');
-- Encja Stanowiska
insert into STANOWISKA (identyfikator, Nazwa_stanowiska) values (1, 'Network Engineer');
insert into STANOWISKA (identyfikator, Nazwa_stanowiska) values (2, 'Network Administrator');
insert into STANOWISKA (identyfikator, Nazwa_stanowiska) values (3, 'Network Security Analyst');
-- Encja Wymagane_umiejetnosci
insert into WYMAGANE_UMIEJETNOSCI (identyfikator, Umiejetnosc) values (1, 'Configuration and Administration of Routers and Switches');
insert into WYMAGANE_UMIEJETNOSCI (identyfikator, Umiejetnosc) values (2, 'Knowledge of Network Protocols');
insert into WYMAGANE_UMIEJETNOSCI (identyfikator, Umiejetnosc) values (3, 'Experience in Network Design');
insert into WYMAGANE_UMIEJETNOSCI (identyfikator, Umiejetnosc) values (4, 'Network Troubleshooting');
insert into WYMAGANE_UMIEJETNOSCI (identyfikator, Umiejetnosc) values (5, 'Understanding of Network Security');
insert into WYMAGANE_UMIEJETNOSCI (identyfikator, Umiejetnosc) values (6, 'Configuration and Maintenance of Network Infrastructure');
insert into WYMAGANE_UMIEJETNOSCI (identyfikator, Umiejetnosc) values (7, 'Troubleshooting Network Issues');
insert into WYMAGANE_UMIEJETNOSCI (identyfikator, Umiejetnosc) values (8, 'Access Management to the Network');
insert into WYMAGANE_UMIEJETNOSCI (identyfikator, Umiejetnosc) values (9, 'Backup and Recovery of Network Data');
insert into WYMAGANE_UMIEJETNOSCI (identyfikator, Umiejetnosc) values (10, 'Monitoring Network Performance');
insert into WYMAGANE_UMIEJETNOSCI (identyfikator, Umiejetnosc) values (11, 'Monitoring Network Events');
insert into WYMAGANE_UMIEJETNOSCI (identyfikator, Umiejetnosc) values (12, 'Cybersecurity Risk Analysis');
insert into WYMAGANE_UMIEJETNOSCI (identyfikator, Umiejetnosc) values (13, 'Implementation and Management of Security Measures');
insert into WYMAGANE_UMIEJETNOSCI (identyfikator, Umiejetnosc) values (14, 'Incident Response in Security');
insert into WYMAGANE_UMIEJETNOSCI (identyfikator, Umiejetnosc) values (15, 'Penetration Testing');
-- Encja Umiejetnosci_na_stanowisko
insert into UMIEJETNOSCI_NA_STANOWISKO (Wym_umiejetnosci_Umiejetnosc, Stanowiska_nazwa_stanowiska) values ('Configuration and Administration of Routers and Switches', 'Network Engineer');
insert into UMIEJETNOSCI_NA_STANOWISKO (Wym_umiejetnosci_Umiejetnosc, Stanowiska_nazwa_stanowiska) values ('Knowledge of Network Protocols', 'Network Engineer');
insert into UMIEJETNOSCI_NA_STANOWISKO (Wym_umiejetnosci_Umiejetnosc, Stanowiska_nazwa_stanowiska) values ('Experience in Network Design', 'Network Engineer');
insert into UMIEJETNOSCI_NA_STANOWISKO (Wym_umiejetnosci_Umiejetnosc, Stanowiska_nazwa_stanowiska) values ('Network Troubleshooting', 'Network Engineer');
insert into UMIEJETNOSCI_NA_STANOWISKO (Wym_umiejetnosci_Umiejetnosc, Stanowiska_nazwa_stanowiska) values ('Understanding of Network Security', 'Network Engineer');
insert into UMIEJETNOSCI_NA_STANOWISKO (Wym_umiejetnosci_Umiejetnosc, Stanowiska_nazwa_stanowiska) values ('Configuration and Maintenance of Network Infrastructure', 'Network Administrator');
insert into UMIEJETNOSCI_NA_STANOWISKO (Wym_umiejetnosci_Umiejetnosc, Stanowiska_nazwa_stanowiska) values ('Troubleshooting Network Issues', 'Network Administrator');
insert into UMIEJETNOSCI_NA_STANOWISKO (Wym_umiejetnosci_Umiejetnosc, Stanowiska_nazwa_stanowiska) values ('Access Management to the Network', 'Network Administrator');
insert into UMIEJETNOSCI_NA_STANOWISKO (Wym_umiejetnosci_Umiejetnosc, Stanowiska_nazwa_stanowiska) values ('Backup and Recovery of Network Data', 'Network Administrator');
insert into UMIEJETNOSCI_NA_STANOWISKO (Wym_umiejetnosci_Umiejetnosc, Stanowiska_nazwa_stanowiska) values ('Monitoring Network Performance', 'Network Administrator');
insert into UMIEJETNOSCI_NA_STANOWISKO (Wym_umiejetnosci_Umiejetnosc, Stanowiska_nazwa_stanowiska) values ('Monitoring Network Events', 'Network Security Analyst');
insert into UMIEJETNOSCI_NA_STANOWISKO (Wym_umiejetnosci_Umiejetnosc, Stanowiska_nazwa_stanowiska) values ('Cybersecurity Risk Analysis', 'Network Security Analyst');
insert into UMIEJETNOSCI_NA_STANOWISKO (Wym_umiejetnosci_Umiejetnosc, Stanowiska_nazwa_stanowiska) values ('Implementation and Management of Security Measures', 'Network Security Analyst');
insert into UMIEJETNOSCI_NA_STANOWISKO (Wym_umiejetnosci_Umiejetnosc, Stanowiska_nazwa_stanowiska) values ('Incident Response in Security', 'Network Security Analyst');
insert into UMIEJETNOSCI_NA_STANOWISKO (Wym_umiejetnosci_Umiejetnosc, Stanowiska_nazwa_stanowiska) values ('Penetration Testing', 'Network Security Analyst');
